Date,HomeTeam,AwayTeam,FTHG,FTAG,FTR,B365H,B365D,B365A
01/08/2025,Bayern Munich,Mainz,3,1,H,1.25,7.00,12.00
02/08/2025,Bayer Leverkusen,Werder Bremen,2,0,H,1.55,4.50,5.50
03/08/2025,Borussia Dortmund,Eintracht Frankfurt,2,1,H,1.70,4.20,4.20
09/08/2025,RB Leipzig,Union Berlin,2,0,H,1.60,4.00,5.50
10/08/2025,Stuttgart,Borussia Monchengladbach,2,2,D,2.00,3.60,3.40
16/08/2025,Bayern Munich,Borussia Dortmund,2,2,D,1.65,4.50,4.20
17/08/2025,Bayer Leverkusen,RB Leipzig,3,1,H,1.75,4.20,4.00
23/08/2025,Eintracht Frankfurt,Stuttgart,1,1,D,2.10,3.60,3.20
24/08/2025,Union Berlin,Bayern Munich,0,2,A,5.50,4.20,1.55
30/08/2025,Borussia Dortmund,Bayer Leverkusen,2,2,D,2.10,3.80,3.00
31/08/2025,RB Leipzig,Eintracht Frankfurt,3,1,H,1.85,4.00,3.80
06/09/2025,Bayern Munich,RB Leipzig,3,0,H,1.35,5.50,8.50
07/09/2025,Werder Bremen,Stuttgart,1,2,A,2.30,3.50,2.90
13/09/2025,Borussia Monchengladbach,Borussia Dortmund,1,3,A,3.60,3.80,1.90
14/09/2025,Bayer Leverkusen,Union Berlin,2,1,H,1.45,4.80,6.50
20/09/2025,Eintracht Frankfurt,Bayern Munich,1,3,A,4.50,4.20,1.65
21/09/2025,Borussia Dortmund,RB Leipzig,2,0,H,2.00,3.80,3.30
27/09/2025,Stuttgart,Bayer Leverkusen,1,2,A,3.20,3.60,2.10
28/09/2025,Bayern Munich,Eintracht Frankfurt,2,1,H,1.40,5.00,6.50
