Date,HomeTeam,AwayTeam,FTHG,FTAG,FTR
01/09/2025,Chelsea,Real Betis,2,0,H
02/09/2025,Fiorentina,AZ Alkmaar,2,1,H
03/09/2025,Panathinaikos,Rapid Vienna,1,1,D
09/09/2025,Real Betis,Fiorentina,1,2,A
10/09/2025,AZ Alkmaar,Chelsea,0,2,A
11/09/2025,Rapid Vienna,Panathinaikos,2,1,H
16/09/2025,Chelsea,Fiorentina,3,1,H
17/09/2025,AZ Alkmaar,Panathinaikos,2,0,H
18/09/2025,Real Betis,Rapid Vienna,1,1,D
23/09/2025,Fiorentina,Chelsea,1,1,D
24/09/2025,Panathinaikos,Real Betis,2,1,H
25/09/2025,Rapid Vienna,AZ Alkmaar,1,2,A
26/09/2025,Chelsea,Panathinaikos,2,0,H
27/09/2025,Fiorentina,Real Betis,3,1,H
28/09/2025,AZ Alkmaar,Rapid Vienna,1,1,D
29/09/2025,Panathinaikos,Chelsea,0,2,A
30/09/2025,Real Betis,AZ Alkmaar,2,2,D
01/10/2025,Rapid Vienna,Fiorentina,0,1,A
02/10/2025,Chelsea,Real Betis,3,0,H
